{"cameraMode":{"drawMode":0,"name":"Shaded","section":"Shading Mode"},"sceneLighting":true,"audioPlay":false,"sceneViewState":{"m_AlwaysRefresh":false,"showFog":true,"showSkybox":true,"showFlares":true,"showImageEffects":true,"showParticleSystems":true,"showVisualEffectGraphs":true,"m_FxEnabled":true},"in2DMode":false,"pivot":{"x":0.6409120559692383,"y":2.836773633956909,"z":-6.068881511688232},"rotation":{"x":0.10790787637233734,"y":0.7143691182136536,"z":-0.11301204562187195,"w":0.6821019053459168},"size":13.343026161193848,"orthographic":false}